"■ K047 水平・鉛直版リンクの干渉計算表（STEP4 4-2）。O=(d=61.73,h=268.00)固定、Cの経路は水平から90.00°、Bのすべる直線はLP側へ-0.00°下がる。wR=0で作図"
第1表 部品ごとの最小クリアランス（全行程41姿勢、単位cm。負は侵入）
リンク長a,部品,障害物,最小クリアランス,"発生位置s（0=収納,1=使用）"
45,Bレール(固定),SCケース,56.37,-
45,Bレール(固定),"天井端(h=250,d=0〜45.5)",45.53,-
45,Bレール(固定),投射光上端面,79.05,-
45,Bレール(固定),掘込前壁(d=45.5),41.82,-
45,Bレール(固定),掘込面(h=270),2.00,-
45,Bレール(固定),視線上端,118.89,-
45,CSP本体,SCケース,14.60,0.050
45,CSP本体,"天井端(h=250,d=0〜45.5)",3.07,0.025
45,CSP本体,投射光上端面,1.96,1.000
45,CSP本体,掘込前壁(d=45.5),3.00,0.000
45,CSP本体,掘込面(h=270),2.00,0.000
45,CSP本体,視線上端,20.70,1.000
45,OAリンク,SCケース,32.38,1.000
45,OAリンク,"天井端(h=250,d=0〜45.5)",21.51,1.000
45,OAリンク,投射光上端面,53.30,1.000
45,OAリンク,掘込前壁(d=45.5),16.23,0.000
45,OAリンク,掘込面(h=270),2.00,0.000
45,OAリンク,視線上端,75.63,1.000
45,ロッドBC,SCケース,27.83,0.100
45,ロッドBC,"天井端(h=250,d=0〜45.5)",16.24,0.075
45,ロッドBC,投射光上端面,15.08,1.000
45,ロッドBC,掘込前壁(d=45.5),16.23,0.000
45,ロッドBC,掘込面(h=270),2.00,0.000
45,ロッドBC,視線上端,30.93,1.000
50,Bレール(固定),SCケース,77.77,-
50,Bレール(固定),"天井端(h=250,d=0〜45.5)",66.54,-
50,Bレール(固定),投射光上端面,77.07,-
50,Bレール(固定),掘込前壁(d=45.5),64.06,-
50,Bレール(固定),掘込面(h=270),2.00,-
50,Bレール(固定),視線上端,124.26,-
50,CSP本体,SCケース,14.60,0.050
50,CSP本体,"天井端(h=250,d=0〜45.5)",3.07,0.025
50,CSP本体,投射光上端面,1.96,1.000
50,CSP本体,掘込前壁(d=45.5),3.00,0.000
50,CSP本体,掘込面(h=270),2.00,0.000
50,CSP本体,視線上端,20.70,1.000
50,OAリンク,SCケース,33.14,1.000
50,OAリンク,"天井端(h=250,d=0〜45.5)",23.37,1.000
50,OAリンク,投射光上端面,51.12,1.000
50,OAリンク,掘込前壁(d=45.5),16.23,0.000
50,OAリンク,掘込面(h=270),2.00,0.000
50,OAリンク,視線上端,78.32,1.000
50,ロッドBC,SCケース,27.83,0.100
50,ロッドBC,"天井端(h=250,d=0〜45.5)",16.24,0.075
50,ロッドBC,投射光上端面,15.08,1.000
50,ロッドBC,掘込前壁(d=45.5),16.23,0.000
50,ロッドBC,掘込面(h=270),2.00,0.000
50,ロッドBC,視線上端,30.93,1.000
55,Bレール(固定),SCケース,94.26,-
55,Bレール(固定),"天井端(h=250,d=0〜45.5)",82.90,-
55,Bレール(固定),投射光上端面,75.10,-
55,Bレール(固定),掘込前壁(d=45.5),80.92,-
55,Bレール(固定),掘込面(h=270),2.00,-
55,Bレール(固定),視線上端,128.33,-
55,CSP本体,SCケース,14.60,0.050
55,CSP本体,"天井端(h=250,d=0〜45.5)",3.07,0.025
55,CSP本体,投射光上端面,1.96,1.000
55,CSP本体,掘込前壁(d=45.5),3.00,0.000
55,CSP本体,掘込面(h=270),2.00,0.000
55,CSP本体,視線上端,20.70,1.000
55,OAリンク,SCケース,33.14,0.000
55,OAリンク,"天井端(h=250,d=0〜45.5)",24.00,1.000
55,OAリンク,投射光上端面,49.47,1.000
55,OAリンク,掘込前壁(d=45.5),16.23,0.000
55,OAリンク,掘込面(h=270),2.00,0.000
55,OAリンク,視線上端,80.36,1.000
55,ロッドBC,SCケース,27.83,0.100
55,ロッドBC,"天井端(h=250,d=0〜45.5)",16.24,0.075
55,ロッドBC,投射光上端面,15.08,1.000
55,ロッドBC,掘込前壁(d=45.5),16.23,0.000
55,ロッドBC,掘込面(h=270),2.00,0.000
55,ロッドBC,視線上端,30.93,1.000
60,Bレール(固定),SCケース,108.76,-
60,Bレール(固定),"天井端(h=250,d=0〜45.5)",97.34,-
60,Bレール(固定),投射光上端面,73.13,-
60,Bレール(固定),掘込前壁(d=45.5),95.66,-
60,Bレール(固定),掘込面(h=270),2.00,-
60,Bレール(固定),視線上端,131.89,-
60,CSP本体,SCケース,14.60,0.050
60,CSP本体,"天井端(h=250,d=0〜45.5)",3.07,0.025
60,CSP本体,投射光上端面,1.96,1.000
60,CSP本体,掘込前壁(d=45.5),3.00,0.000
60,CSP本体,掘込面(h=270),2.00,0.000
60,CSP本体,視線上端,20.70,1.000
60,OAリンク,SCケース,33.14,0.000
60,OAリンク,"天井端(h=250,d=0〜45.5)",24.21,1.000
60,OAリンク,投射光上端面,48.02,1.000
60,OAリンク,掘込前壁(d=45.5),16.23,0.000
60,OAリンク,掘込面(h=270),2.00,0.000
60,OAリンク,視線上端,82.13,1.000
60,ロッドBC,SCケース,27.83,0.100
60,ロッドBC,"天井端(h=250,d=0〜45.5)",16.24,0.075
60,ロッドBC,投射光上端面,15.08,1.000
60,ロッドBC,掘込前壁(d=45.5),16.23,0.000
60,ロッドBC,掘込面(h=270),2.00,0.000
60,ロッドBC,視線上端,30.93,1.000

第2表 姿勢ごとのリンク位置（φ：Bでのロッドとすべる直線の角、μ：伝達角＝∠OABの補角の小さい方）
リンク長a,s,φ(°),μ(°),A_d,A_h,B_d,B_h,C_d,C_h
45,0.0,7.7,15.5,106.3,261.9,150.9,268.0,61.7,255.9
45,0.025,8.9,17.8,106.2,261.0,150.6,268.0,61.7,254.1
45,0.05,10.1,20.1,106.0,260.1,150.3,268.0,61.7,252.3
45,0.075,11.2,22.5,105.9,259.2,150.0,268.0,61.7,250.5
45,0.1,12.4,24.8,105.7,258.3,149.6,268.0,61.7,248.7
45,0.125,13.6,27.2,105.5,257.4,149.2,268.0,61.7,246.9
45,0.15,14.8,29.5,105.2,256.5,148.8,268.0,61.7,245.1
45,0.175,16.0,31.9,105.0,255.6,148.3,268.0,61.7,243.3
45,0.2,17.2,34.3,104.7,254.7,147.7,268.0,61.7,241.5
45,0.225,18.4,36.7,104.4,253.8,147.1,268.0,61.7,239.6
45,0.25,19.6,39.2,104.1,252.9,146.5,268.0,61.7,237.8
45,0.275,20.8,41.6,103.8,252.0,145.9,268.0,61.7,236.0
45,0.3,22.0,44.1,103.4,251.1,145.2,268.0,61.7,234.2
45,0.325,23.3,46.6,103.1,250.2,144.4,268.0,61.7,232.4
45,0.35,24.5,49.1,102.7,249.3,143.6,268.0,61.7,230.6
45,0.375,25.8,51.6,102.2,248.4,142.8,268.0,61.7,228.8
45,0.4,27.1,54.2,101.8,247.5,141.9,268.0,61.7,227.0
45,0.425,28.4,56.8,101.3,246.6,140.9,268.0,61.7,225.2
45,0.45,29.7,59.4,100.8,245.7,139.9,268.0,61.7,223.4
45,0.475,31.0,62.1,100.3,244.8,138.9,268.0,61.7,221.6
45,0.5,32.4,64.8,99.7,243.9,137.7,268.0,61.7,219.8
45,0.525,33.7,67.5,99.1,243.0,136.6,268.0,61.7,218.0
45,0.55,35.1,70.3,98.5,242.1,135.3,268.0,61.7,216.2
45,0.575,36.6,73.1,97.9,241.2,134.0,268.0,61.7,214.4
45,0.6,38.0,76.0,97.2,240.3,132.6,268.0,61.7,212.6
45,0.625,39.5,78.9,96.5,239.4,131.2,268.0,61.7,210.8
45,0.65,41.0,82.0,95.7,238.5,129.7,268.0,61.7,209.0
45,0.675,42.5,85.0,94.9,237.6,128.1,268.0,61.7,207.2
45,0.7,44.1,88.2,94.0,236.7,126.4,268.0,61.7,205.4
45,0.725,45.7,88.6,93.1,235.8,124.6,268.0,61.7,203.6
45,0.75,47.4,85.2,92.2,234.9,122.7,268.0,61.7,201.8
45,0.775,49.1,81.8,91.2,234.0,120.6,268.0,61.7,200.0
45,0.8,50.9,78.2,90.1,233.1,118.5,268.0,61.7,198.2
45,0.825,52.8,74.5,89.0,232.2,116.2,268.0,61.7,196.4
45,0.85,54.7,70.6,87.7,231.3,113.7,268.0,61.7,194.5
45,0.875,56.7,66.5,86.4,230.4,111.1,268.0,61.7,192.7
45,0.9,58.9,62.2,85.0,229.5,108.2,268.0,61.7,190.9
45,0.925,61.2,57.6,83.4,228.6,105.1,268.0,61.7,189.1
45,0.95,63.7,52.6,81.7,227.7,101.6,268.0,61.7,187.3
45,0.975,66.4,47.2,79.7,226.8,97.8,268.0,61.7,185.5
45,1.0,69.5,41.1,77.5,225.9,93.3,268.0,61.7,183.7
50,0.0,7.0,13.9,111.4,261.9,161.0,268.0,61.7,255.9
50,0.025,8.0,16.0,111.2,261.0,160.8,268.0,61.7,254.1
50,0.05,9.0,18.1,111.1,260.1,160.5,268.0,61.7,252.3
50,0.075,10.1,20.2,111.0,259.2,160.2,268.0,61.7,250.5
50,0.1,11.1,22.3,110.8,258.3,159.8,268.0,61.7,248.7
50,0.125,12.2,24.4,110.6,257.4,159.5,268.0,61.7,246.9
50,0.15,13.3,26.5,110.4,256.5,159.1,268.0,61.7,245.1
50,0.175,14.3,28.7,110.2,255.6,158.6,268.0,61.7,243.3
50,0.2,15.4,30.8,109.9,254.7,158.1,268.0,61.7,241.5
50,0.225,16.5,32.9,109.7,253.8,157.6,268.0,61.7,239.6
50,0.25,17.6,35.1,109.4,252.9,157.1,268.0,61.7,237.8
50,0.275,18.6,37.3,109.1,252.0,156.5,268.0,61.7,236.0
50,0.3,19.7,39.5,108.8,251.1,155.9,268.0,61.7,234.2
50,0.325,20.8,41.7,108.5,250.2,155.2,268.0,61.7,232.4
50,0.35,21.9,43.9,108.1,249.3,154.5,268.0,61.7,230.6
50,0.375,23.1,46.1,107.7,248.4,153.7,268.0,61.7,228.8
50,0.4,24.2,48.4,107.3,247.5,152.9,268.0,61.7,227.0
50,0.425,25.3,50.7,106.9,246.6,152.1,268.0,61.7,225.2
50,0.45,26.5,53.0,106.5,245.7,151.2,268.0,61.7,223.4
50,0.475,27.6,55.3,106.0,244.8,150.3,268.0,61.7,221.6
50,0.5,28.8,57.6,105.5,243.9,149.3,268.0,61.7,219.8
50,0.525,30.0,60.0,105.0,243.0,148.3,268.0,61.7,218.0
50,0.55,31.2,62.4,104.5,242.1,147.3,268.0,61.7,216.2
50,0.575,32.4,64.8,103.9,241.2,146.1,268.0,61.7,214.4
50,0.6,33.6,67.3,103.4,240.3,145.0,268.0,61.7,212.6
50,0.625,34.9,69.8,102.7,239.4,143.7,268.0,61.7,210.8
50,0.65,36.2,72.3,102.1,238.5,142.5,268.0,61.7,209.0
50,0.675,37.5,74.9,101.4,237.6,141.1,268.0,61.7,207.2
50,0.7,38.8,77.6,100.7,236.7,139.7,268.0,61.7,205.4
50,0.725,40.1,80.2,100.0,235.8,138.2,268.0,61.7,203.6
50,0.75,41.5,83.0,99.2,234.9,136.6,268.0,61.7,201.8
50,0.775,42.9,85.7,98.4,234.0,135.0,268.0,61.7,200.0
50,0.8,44.3,88.6,97.5,233.1,133.3,268.0,61.7,198.2
50,0.825,45.8,88.5,96.6,232.2,131.5,268.0,61.7,196.4
50,0.85,47.3,85.5,95.7,231.3,129.6,268.0,61.7,194.5
50,0.875,48.8,82.4,94.7,230.4,127.6,268.0,61.7,192.7
50,0.9,50.4,79.2,93.6,229.5,125.5,268.0,61.7,190.9
50,0.925,52.1,75.9,92.5,228.6,123.2,268.0,61.7,189.1
50,0.95,53.8,72.5,91.3,227.7,120.8,268.0,61.7,187.3
50,0.975,55.6,68.9,90.0,226.8,118.3,268.0,61.7,185.5
50,1.0,57.4,65.1,88.6,225.9,115.6,268.0,61.7,183.7
55,0.0,6.3,12.6,116.4,261.9,171.1,268.0,61.7,255.9
55,0.025,7.3,14.5,116.3,261.0,170.8,268.0,61.7,254.1
55,0.05,8.2,16.4,116.2,260.1,170.6,268.0,61.7,252.3
55,0.075,9.2,18.3,116.0,259.2,170.3,268.0,61.7,250.5
55,0.1,10.1,20.2,115.9,258.3,170.0,268.0,61.7,248.7
55,0.125,11.1,22.2,115.7,257.4,169.7,268.0,61.7,246.9
55,0.15,12.0,24.1,115.5,256.5,169.3,268.0,61.7,245.1
55,0.175,13.0,26.0,115.3,255.6,168.9,268.0,61.7,243.3
55,0.2,14.0,27.9,115.1,254.7,168.5,268.0,61.7,241.5
55,0.225,14.9,29.9,114.9,253.8,168.0,268.0,61.7,239.6
55,0.25,15.9,31.8,114.6,252.9,167.5,268.0,61.7,237.8
55,0.275,16.9,33.8,114.4,252.0,167.0,268.0,61.7,236.0
55,0.3,17.9,35.7,114.1,251.1,166.4,268.0,61.7,234.2
55,0.325,18.9,37.7,113.8,250.2,165.8,268.0,61.7,232.4
55,0.35,19.9,39.7,113.5,249.3,165.2,268.0,61.7,230.6
55,0.375,20.9,41.7,113.1,248.4,164.5,268.0,61.7,228.8
55,0.4,21.9,43.7,112.8,247.5,163.8,268.0,61.7,227.0
55,0.425,22.9,45.8,112.4,246.6,163.1,268.0,61.7,225.2
55,0.45,23.9,47.8,112.0,245.7,162.3,268.0,61.7,223.4
55,0.475,24.9,49.9,111.6,244.8,161.5,268.0,61.7,221.6
55,0.5,26.0,52.0,111.2,243.9,160.6,268.0,61.7,219.8
55,0.525,27.0,54.1,110.7,243.0,159.7,268.0,61.7,218.0
55,0.55,28.1,56.2,110.2,242.1,158.8,268.0,61.7,216.2
55,0.575,29.2,58.3,109.8,241.2,157.8,268.0,61.7,214.4
55,0.6,30.2,60.5,109.2,240.3,156.8,268.0,61.7,212.6
55,0.625,31.3,62.7,108.7,239.4,155.7,268.0,61.7,210.8
55,0.65,32.4,64.9,108.1,238.5,154.6,268.0,61.7,209.0
55,0.675,33.6,67.1,107.6,237.6,153.4,268.0,61.7,207.2
55,0.7,34.7,69.4,106.9,236.7,152.2,268.0,61.7,205.4
55,0.725,35.9,71.7,106.3,235.8,150.9,268.0,61.7,203.6
55,0.75,37.0,74.0,105.6,234.9,149.6,268.0,61.7,201.8
55,0.775,38.2,76.4,104.9,234.0,148.2,268.0,61.7,200.0
55,0.8,39.4,78.8,104.2,233.1,146.7,268.0,61.7,198.2
55,0.825,40.6,81.3,103.5,232.2,145.2,268.0,61.7,196.4
55,0.85,41.9,83.8,102.7,231.3,143.6,268.0,61.7,194.5
55,0.875,43.2,86.3,101.8,230.4,142.0,268.0,61.7,192.7
55,0.9,44.5,88.9,101.0,229.5,140.2,268.0,61.7,190.9
55,0.925,45.8,88.4,100.1,228.6,138.4,268.0,61.7,189.1
55,0.95,47.2,85.7,99.1,227.7,136.5,268.0,61.7,187.3
55,0.975,48.6,82.9,98.1,226.8,134.5,268.0,61.7,185.5
55,1.0,50.0,80.0,97.1,225.9,132.4,268.0,61.7,183.7
60,0.0,5.8,11.6,121.4,261.9,181.1,268.0,61.7,255.9
60,0.025,6.7,13.3,121.3,261.0,180.9,268.0,61.7,254.1
60,0.05,7.5,15.1,121.2,260.1,180.7,268.0,61.7,252.3
60,0.075,8.4,16.8,121.1,259.2,180.4,268.0,61.7,250.5
60,0.1,9.3,18.5,120.9,258.3,180.2,268.0,61.7,248.7
60,0.125,10.1,20.3,120.8,257.4,179.9,268.0,61.7,246.9
60,0.15,11.0,22.0,120.6,256.5,179.5,268.0,61.7,245.1
60,0.175,11.9,23.8,120.4,255.6,179.2,268.0,61.7,243.3
60,0.2,12.8,25.6,120.2,254.7,178.8,268.0,61.7,241.5
60,0.225,13.7,27.3,120.0,253.8,178.3,268.0,61.7,239.6
60,0.25,14.6,29.1,119.8,252.9,177.9,268.0,61.7,237.8
60,0.275,15.4,30.9,119.6,252.0,177.4,268.0,61.7,236.0
60,0.3,16.3,32.7,119.3,251.1,176.9,268.0,61.7,234.2
60,0.325,17.2,34.5,119.0,250.2,176.3,268.0,61.7,232.4
60,0.35,18.1,36.3,118.7,249.3,175.8,268.0,61.7,230.6
60,0.375,19.1,38.1,118.4,248.4,175.2,268.0,61.7,228.8
60,0.4,20.0,39.9,118.1,247.5,174.5,268.0,61.7,227.0
60,0.425,20.9,41.8,117.8,246.6,173.8,268.0,61.7,225.2
60,0.45,21.8,43.6,117.4,245.7,173.1,268.0,61.7,223.4
60,0.475,22.7,45.5,117.1,244.8,172.4,268.0,61.7,221.6
60,0.5,23.7,47.4,116.7,243.9,171.6,268.0,61.7,219.8
60,0.525,24.6,49.2,116.3,243.0,170.8,268.0,61.7,218.0
60,0.55,25.6,51.1,115.9,242.1,170.0,268.0,61.7,216.2
60,0.575,26.5,53.1,115.4,241.2,169.1,268.0,61.7,214.4
60,0.6,27.5,55.0,115.0,240.3,168.2,268.0,61.7,212.6
60,0.625,28.5,57.0,114.5,239.4,167.2,268.0,61.7,210.8
60,0.65,29.5,58.9,114.0,238.5,166.2,268.0,61.7,209.0
60,0.675,30.5,60.9,113.5,237.6,165.2,268.0,61.7,207.2
60,0.7,31.5,62.9,112.9,236.7,164.1,268.0,61.7,205.4
60,0.725,32.5,64.9,112.3,235.8,163.0,268.0,61.7,203.6
60,0.75,33.5,67.0,111.8,234.9,161.8,268.0,61.7,201.8
60,0.775,34.5,69.1,111.2,234.0,160.6,268.0,61.7,200.0
60,0.8,35.6,71.2,110.5,233.1,159.3,268.0,61.7,198.2
60,0.825,36.7,73.3,109.9,232.2,158.0,268.0,61.7,196.4
60,0.85,37.7,75.5,109.2,231.3,156.6,268.0,61.7,194.5
60,0.875,38.8,77.7,108.5,230.4,155.2,268.0,61.7,192.7
60,0.9,40.0,79.9,107.7,229.5,153.7,268.0,61.7,190.9
60,0.925,41.1,82.2,107.0,228.6,152.2,268.0,61.7,189.1
60,0.95,42.2,84.5,106.2,227.7,150.6,268.0,61.7,187.3
60,0.975,43.4,86.8,105.3,226.8,148.9,268.0,61.7,185.5
60,1.0,44.6,89.2,104.4,225.9,147.2,268.0,61.7,183.7

第3表 収納時・使用時の機構の位置（梁下面h=254.5との比較）
リンク長a,収納 A_h,収納 B_h,収納 C_h,収納の機構最下点h,梁下面からの余裕,使用φ(°),使用の余裕(90°−φ),収納μ(°),B収納d,B使用d,レール長(両端+6)
45,261.94,268.00,255.88,255.88,1.38,69.5,20.5,15.5,150.9,93.3,69.6
50,261.94,268.00,255.88,255.88,1.38,57.4,32.6,13.9,161.0,115.6,57.4
55,261.94,268.00,255.88,255.88,1.38,50.0,40.0,12.6,171.1,132.4,50.6
60,261.94,268.00,255.88,255.88,1.38,44.6,45.4,11.6,181.1,147.2,46.0
