"■ K045 直線版リンクの干渉計算表（STEP4 4-2）。O=(d=64.23,h=268.00)固定、Cの経路は水平から78.36°、Bのすべる直線はLP側へ11.64°下がる。wR=0で作図"
第1表 部品ごとの最小クリアランス（全行程41姿勢、単位cm。負は侵入）
リンク長a,部品,障害物,最小クリアランス,"発生位置s（0=収納,1=使用）"
50,Bレール(固定),SCケース,69.44,-
50,Bレール(固定),"天井端(h=250,d=0〜45.5)",57.99,-
50,Bレール(固定),投射光上端面,56.20,-
50,Bレール(固定),掘込前壁(d=45.5),57.11,-
50,Bレール(固定),掘込面(h=270),9.90,-
50,Bレール(固定),視線上端,114.91,-
50,CSP本体,SCケース,11.10,0.250
50,CSP本体,"天井端(h=250,d=0〜45.5)",2.56,0.050
50,CSP本体,投射光上端面,1.96,1.000
50,CSP本体,掘込前壁(d=45.5),2.56,0.050
50,CSP本体,掘込面(h=270),2.00,0.000
50,CSP本体,視線上端,13.94,1.000
50,OAリンク,SCケース,33.99,1.000
50,OAリンク,"天井端(h=250,d=0〜45.5)",22.80,1.000
50,OAリンク,投射光上端面,47.35,1.000
50,OAリンク,掘込前壁(d=45.5),18.73,0.000
50,OAリンク,掘込面(h=270),2.00,0.000
50,OAリンク,視線上端,69.66,1.000
50,ロッドBC,SCケース,23.35,0.325
50,ロッドBC,"天井端(h=250,d=0〜45.5)",14.72,0.125
50,ロッドBC,投射光上端面,15.08,1.000
50,ロッドBC,掘込前壁(d=45.5),14.72,0.125
50,ロッドBC,掘込面(h=270),11.11,1.000
50,ロッドBC,視線上端,24.17,1.000
52,Bレール(固定),SCケース,77.27,-
52,Bレール(固定),"天井端(h=250,d=0〜45.5)",65.75,-
52,Bレール(固定),投射光上端面,54.63,-
52,Bレール(固定),掘込前壁(d=45.5),65.21,-
52,Bレール(固定),掘込面(h=270),11.57,-
52,Bレール(固定),視線上端,115.25,-
52,CSP本体,SCケース,11.10,0.250
52,CSP本体,"天井端(h=250,d=0〜45.5)",2.56,0.050
52,CSP本体,投射光上端面,1.96,1.000
52,CSP本体,掘込前壁(d=45.5),2.56,0.050
52,CSP本体,掘込面(h=270),2.00,0.000
52,CSP本体,視線上端,13.94,1.000
52,OAリンク,SCケース,34.57,1.000
52,OAリンク,"天井端(h=250,d=0〜45.5)",23.62,1.000
52,OAリンク,投射光上端面,45.73,1.000
52,OAリンク,掘込前壁(d=45.5),18.73,0.000
52,OAリンク,掘込面(h=270),2.00,0.000
52,OAリンク,視線上端,69.83,1.000
52,ロッドBC,SCケース,23.35,0.325
52,ロッドBC,"天井端(h=250,d=0〜45.5)",14.72,0.125
52,ロッドBC,投射光上端面,15.08,1.000
52,ロッドBC,掘込前壁(d=45.5),14.72,0.125
52,ロッドBC,掘込面(h=270),12.78,1.000
52,ロッドBC,視線上端,24.17,1.000
55,Bレール(固定),SCケース,87.70,-
55,Bレール(固定),"天井端(h=250,d=0〜45.5)",76.14,-
55,Bレール(固定),投射光上端面,52.27,-
55,Bレール(固定),掘込前壁(d=45.5),75.88,-
55,Bレール(固定),掘込面(h=270),13.77,-
55,Bレール(固定),視線上端,115.69,-
55,CSP本体,SCケース,11.10,0.250
55,CSP本体,"天井端(h=250,d=0〜45.5)",2.56,0.050
55,CSP本体,投射光上端面,1.96,1.000
55,CSP本体,掘込前壁(d=45.5),2.56,0.050
55,CSP本体,掘込面(h=270),2.00,0.000
55,CSP本体,視線上端,13.94,1.000
55,OAリンク,SCケース,35.04,1.000
55,OAリンク,"天井端(h=250,d=0〜45.5)",24.45,1.000
55,OAリンク,投射光上端面,43.61,1.000
55,OAリンク,掘込前壁(d=45.5),18.73,0.000
55,OAリンク,掘込面(h=270),2.00,0.000
55,OAリンク,視線上端,70.06,1.000
55,ロッドBC,SCケース,23.35,0.325
55,ロッドBC,"天井端(h=250,d=0〜45.5)",14.72,0.125
55,ロッドBC,投射光上端面,15.08,1.000
55,ロッドBC,掘込前壁(d=45.5),14.72,0.125
55,ロッドBC,掘込面(h=270),14.12,0.000
55,ロッドBC,視線上端,24.17,1.000

第2表 姿勢ごとのリンク位置（φ：Bでのロッドとすべる直線の角、μ：伝達角＝∠OABの補角の小さい方）
リンク長a,s,φ(°),μ(°),A_d,A_h,B_d,B_h,C_d,C_h
50,0.0,7.1,14.2,111.6,251.9,161.4,248.0,61.7,255.9
50,0.025,8.2,16.4,111.3,251.0,161.2,248.0,61.3,254.0
50,0.05,9.3,18.7,110.9,250.1,160.9,248.1,61.0,252.1
50,0.075,10.4,20.9,110.6,249.2,160.5,248.2,60.6,250.2
50,0.1,11.6,23.1,110.2,248.3,160.2,248.2,60.2,248.4
50,0.125,12.7,25.4,109.8,247.4,159.8,248.3,59.8,246.5
50,0.15,13.8,27.6,109.4,246.5,159.3,248.4,59.4,244.6
50,0.175,15.0,29.9,108.9,245.6,158.8,248.5,59.0,242.7
50,0.2,16.1,32.2,108.5,244.7,158.3,248.6,58.6,240.8
50,0.225,17.3,34.5,108.0,243.8,157.8,248.7,58.2,239.0
50,0.25,18.4,36.8,107.5,243.0,157.2,248.9,57.9,237.1
50,0.275,19.6,39.1,107.0,242.1,156.5,249.0,57.5,235.2
50,0.3,20.7,41.5,106.4,241.2,155.8,249.1,57.1,233.3
50,0.325,21.9,43.9,105.9,240.4,155.1,249.3,56.7,231.4
50,0.35,23.1,46.2,105.3,239.5,154.3,249.4,56.3,229.5
50,0.375,24.3,48.6,104.7,238.6,153.5,249.6,55.9,227.7
50,0.4,25.5,51.1,104.1,237.8,152.6,249.8,55.5,225.8
50,0.425,26.8,53.5,103.4,236.9,151.7,250.0,55.1,223.9
50,0.45,28.0,56.0,102.7,236.1,150.7,250.2,54.8,222.0
50,0.475,29.3,58.5,102.0,235.3,149.7,250.4,54.4,220.1
50,0.5,30.5,61.0,101.3,234.4,148.6,250.6,54.0,218.3
50,0.525,31.8,63.6,100.5,233.6,147.5,250.9,53.6,216.4
50,0.55,33.1,66.2,99.7,232.8,146.3,251.1,53.2,214.5
50,0.575,34.4,68.9,98.9,232.0,145.0,251.4,52.8,212.6
50,0.6,35.8,71.6,98.1,231.2,143.7,251.6,52.4,210.7
50,0.625,37.2,74.3,97.2,230.4,142.3,251.9,52.0,208.8
50,0.65,38.5,77.1,96.2,229.6,140.8,252.2,51.7,207.0
50,0.675,40.0,79.9,95.3,228.8,139.3,252.5,51.3,205.1
50,0.7,41.4,82.8,94.3,228.0,137.7,252.9,50.9,203.2
50,0.725,42.9,85.8,93.2,227.3,136.0,253.2,50.5,201.3
50,0.75,44.4,88.9,92.1,226.5,134.2,253.6,50.1,199.4
50,0.775,46.0,88.0,91.0,225.8,132.3,254.0,49.7,197.6
50,0.8,47.6,84.8,89.8,225.0,130.3,254.4,49.3,195.7
50,0.825,49.3,81.5,88.5,224.3,128.2,254.8,48.9,193.8
50,0.85,51.0,78.1,87.2,223.6,125.9,255.3,48.6,191.9
50,0.875,52.8,74.5,85.8,222.9,123.5,255.8,48.2,190.0
50,0.9,54.6,70.8,84.4,222.2,120.9,256.3,47.8,188.2
50,0.925,56.6,66.9,82.8,221.6,118.2,256.9,47.4,186.3
50,0.95,58.6,62.8,81.1,220.9,115.2,257.5,47.0,184.4
50,0.975,60.8,58.4,79.3,220.3,112.0,258.2,46.6,182.5
50,1.0,63.1,53.7,77.4,219.8,108.5,258.9,46.2,180.6
52,0.0,6.8,13.7,113.5,251.5,165.4,247.2,61.7,255.9
52,0.025,7.9,15.8,113.2,250.6,165.1,247.2,61.3,254.0
52,0.05,9.0,17.9,112.9,249.7,164.8,247.3,61.0,252.1
52,0.075,10.0,20.1,112.5,248.8,164.5,247.3,60.6,250.2
52,0.1,11.1,22.2,112.2,247.9,164.2,247.4,60.2,248.4
52,0.125,12.2,24.4,111.8,247.0,163.8,247.5,59.8,246.5
52,0.15,13.3,26.6,111.4,246.1,163.4,247.6,59.4,244.6
52,0.175,14.4,28.7,111.0,245.2,162.9,247.7,59.0,242.7
52,0.2,15.5,30.9,110.5,244.3,162.4,247.8,58.6,240.8
52,0.225,16.6,33.1,110.0,243.4,161.9,247.9,58.2,239.0
52,0.25,17.7,35.4,109.6,242.5,161.3,248.0,57.9,237.1
52,0.275,18.8,37.6,109.1,241.7,160.7,248.1,57.5,235.2
52,0.3,19.9,39.8,108.5,240.8,160.0,248.3,57.1,233.3
52,0.325,21.0,42.1,108.0,239.9,159.3,248.4,56.7,231.4
52,0.35,22.2,44.4,107.4,239.1,158.5,248.6,56.3,229.5
52,0.375,23.3,46.7,106.8,238.2,157.8,248.7,55.9,227.7
52,0.4,24.5,49.0,106.2,237.3,156.9,248.9,55.5,225.8
52,0.425,25.7,51.3,105.6,236.5,156.0,249.1,55.1,223.9
52,0.45,26.8,53.7,104.9,235.6,155.1,249.3,54.8,222.0
52,0.475,28.0,56.1,104.3,234.8,154.1,249.5,54.4,220.1
52,0.5,29.2,58.5,103.5,234.0,153.1,249.7,54.0,218.3
52,0.525,30.5,60.9,102.8,233.1,152.0,249.9,53.6,216.4
52,0.55,31.7,63.4,102.1,232.3,150.9,250.1,53.2,214.5
52,0.575,32.9,65.9,101.3,231.5,149.7,250.4,52.8,212.6
52,0.6,34.2,68.4,100.4,230.7,148.5,250.7,52.4,210.7
52,0.625,35.5,71.0,99.6,229.9,147.2,250.9,52.0,208.8
52,0.65,36.8,73.6,98.7,229.1,145.8,251.2,51.7,207.0
52,0.675,38.1,76.3,97.8,228.3,144.3,251.5,51.3,205.1
52,0.7,39.5,79.0,96.9,227.5,142.8,251.8,50.9,203.2
52,0.725,40.9,81.8,95.9,226.7,141.2,252.1,50.5,201.3
52,0.75,42.3,84.6,94.8,226.0,139.6,252.5,50.1,199.4
52,0.775,43.8,87.5,93.8,225.2,137.8,252.8,49.7,197.6
52,0.8,45.2,89.5,92.6,224.5,136.0,253.2,49.3,195.7
52,0.825,46.8,86.5,91.5,223.7,134.0,253.6,48.9,193.8
52,0.85,48.3,83.3,90.3,223.0,132.0,254.1,48.6,191.9
52,0.875,49.9,80.1,89.0,222.3,129.8,254.5,48.2,190.0
52,0.9,51.6,76.8,87.6,221.6,127.5,255.0,47.8,188.2
52,0.925,53.4,73.3,86.2,220.9,125.0,255.5,47.4,186.3
52,0.95,55.2,69.7,84.7,220.2,122.4,256.0,47.0,184.4
52,0.975,57.1,65.9,83.1,219.6,119.6,256.6,46.6,182.5
52,1.0,59.1,61.9,81.4,218.9,116.6,257.2,46.2,180.6
55,0.0,6.5,12.9,116.5,250.9,171.3,246.0,61.7,255.9
55,0.025,7.5,14.9,116.2,250.0,171.1,246.0,61.3,254.0
55,0.05,8.5,16.9,115.9,249.1,170.8,246.1,61.0,252.1
55,0.075,9.5,19.0,115.5,248.2,170.5,246.1,60.6,250.2
55,0.1,10.5,21.0,115.2,247.3,170.2,246.2,60.2,248.4
55,0.125,11.5,23.0,114.8,246.4,169.8,246.3,59.8,246.5
55,0.15,12.5,25.1,114.4,245.5,169.4,246.3,59.4,244.6
55,0.175,13.6,27.1,114.0,244.6,169.0,246.4,59.0,242.7
55,0.2,14.6,29.2,113.6,243.7,168.5,246.5,58.6,240.8
55,0.225,15.6,31.3,113.1,242.8,168.0,246.6,58.2,239.0
55,0.25,16.7,33.4,112.6,241.9,167.4,246.7,57.9,237.1
55,0.275,17.7,35.5,112.2,241.0,166.8,246.9,57.5,235.2
55,0.3,18.8,37.6,111.7,240.1,166.2,247.0,57.1,233.3
55,0.325,19.8,39.7,111.1,239.3,165.6,247.1,56.7,231.4
55,0.35,20.9,41.8,110.6,238.4,164.9,247.3,56.3,229.5
55,0.375,22.0,44.0,110.0,237.5,164.1,247.4,55.9,227.7
55,0.4,23.1,46.1,109.4,236.7,163.3,247.6,55.5,225.8
55,0.425,24.2,48.3,108.8,235.8,162.5,247.8,55.1,223.9
55,0.45,25.3,50.5,108.2,235.0,161.7,247.9,54.8,222.0
55,0.475,26.4,52.8,107.6,234.1,160.7,248.1,54.4,220.1
55,0.5,27.5,55.0,106.9,233.3,159.8,248.3,54.0,218.3
55,0.525,28.6,57.3,106.2,232.4,158.8,248.5,53.6,216.4
55,0.55,29.8,59.6,105.5,231.6,157.7,248.7,53.2,214.5
55,0.575,30.9,61.9,104.7,230.8,156.6,249.0,52.8,212.6
55,0.6,32.1,64.2,104.0,230.0,155.5,249.2,52.4,210.7
55,0.625,33.3,66.6,103.2,229.2,154.3,249.5,52.0,208.8
55,0.65,34.5,69.0,102.3,228.3,153.0,249.7,51.7,207.0
55,0.675,35.7,71.5,101.5,227.5,151.7,250.0,51.3,205.1
55,0.7,37.0,73.9,100.6,226.7,150.3,250.3,50.9,203.2
55,0.725,38.2,76.5,99.7,225.9,148.9,250.6,50.5,201.3
55,0.75,39.5,79.0,98.7,225.2,147.3,250.9,50.1,199.4
55,0.775,40.8,81.7,97.7,224.4,145.7,251.2,49.7,197.6
55,0.8,42.2,84.3,96.7,223.6,144.1,251.6,49.3,195.7
55,0.825,43.5,87.1,95.6,222.9,142.3,251.9,48.9,193.8
55,0.85,44.9,89.9,94.5,222.1,140.5,252.3,48.6,191.9
55,0.875,46.4,87.3,93.4,221.4,138.6,252.7,48.2,190.0
55,0.9,47.8,84.3,92.2,220.6,136.6,253.1,47.8,188.2
55,0.925,49.3,81.3,90.9,219.9,134.4,253.5,47.4,186.3
55,0.95,50.9,78.2,89.6,219.2,132.2,254.0,47.0,184.4
55,0.975,52.5,75.0,88.2,218.5,129.8,254.5,46.6,182.5
55,1.0,54.2,71.6,86.7,217.8,127.3,255.0,46.2,180.6
