No,ID,項目,現在の値,status,区分（CIDA上）,d寸法への効き（K101）,コストへの効き（部品が増える理由）
1,S3 b,駆動系は天井付近に格納,極力目立たないように天井付近,与件,与件（依頼主が変えれば変わる）,機構を梁の高さに水平に寝かせる→Bの水平移動（K101の2a·cosφ）がそのままdになる。D04-002（全体を梁下面より下に置く配置の却下）の根拠,—
2,S3 g / D06-013,加工部品の扱い,業者加工なら可,与件,与件,—,平鋼リンク・継手・ブラケット・架台・ねじ軸の軸端など、業者加工の部品が多数（A06-003・A06-005・A06-008）
3,D04-001,CSPの支持方法,左右の両側で支える,与件,与件,右側は配置βでΔd=18ずれる（下のA00-002）,機構・駆動・架台・梁ねじがすべて2組
4,D04-003,落下防止の基本の考え方,単一故障で落下しない、左右とも片側で全荷重、電気が切れても効く落下止め,選定,選定（依頼主判断で決めたもの）,—,左右とも片側全荷重で部品の大きさが決まる（HSR20C、梁ねじ8本/片側）。落下止めは未決で今後さらに増える
5,A00-002,昇降機構の方式,水平・鉛直版スコットラッセル左右1組ずつ、姿勢保持は二重（配置β Δd=18）,仮設定,交渉可,2a·cosφ収納=99.25（右側の端192.25の約半分）＋Δd=18,リニアガイド×2、リンク・継手（業者加工）×2組、Bを押す駆動×2
6,A06-001,機構の寸法・配置,a=50、収納φ=7.0°、使用φ=57.4°、O 左d=52・右d=70,仮設定,交渉可,2a＝ストローク÷(sinφ使用−sinφ収納)。φ収納が小さいほどBは遠くへ,リンク長100（重さ・業者加工の大きさ）
7,A03-006,昇降ストローク,鉛直72.16,計算,計算（入力：A03-004・A03-005）,ストロークに比例して2aが伸びる,—
8,A00-001,収納時の下端,h=240.77,仮設定,交渉可,ストロークの上側の端,—
9,A02-003,収納時のCSP姿勢,チルト24°維持,仮設定,交渉可,収納時の外接の高さ24.23→ストロークに効く,—
10,A02-004 / A03-005,使用位置,d1=47.77、h=168.61〜192.84（光束上端面との間2）,仮設定・計算,交渉可（D02-002の方針は与件）,ストロークの下側の端,—
11,A03-003,余裕寸法,c1〜c4 一律2,仮設定,交渉可（値に根拠なし）,ストロークに効く（c1・c4）,—
12,A06-007,リニアガイド,THK HSR20C＋レール580,仮設定,交渉可,ブロック半長3.7,購入品（左右2セット）
13,A06-008,駆動（ねじ）,Tr14×3、GBK10、ナットをBからLP側へ3cm、軸端加工は業者,仮設定,交渉可,駆動の列のうち9.05（ナット逃げ3.05・GBK10 2.5・カップリング2.5・すき間1.0）,台形ねじ・ナット・サポートユニット・カップリング×2、軸端加工
14,A06-009,モーター・ドライバ・制御,PKP268D42A2-R3EL×2、CVD242BR-K×2、1つのパルス源,仮設定,交渉可,モーターをBの延長線上に一直線（9.25＋取付板1.0）,モーター×2・ドライバ×2・マイコン・リミットスイッチ・傾きスイッチ
15,A06-005,架台,鋼板 厚8、左d=47〜165・右d=65〜183,仮設定,交渉可,架台のLP側の端（右183）＝モーター取付板,鋼板の切断・穴（業者加工）×2
16,A06-006,梁のねじ,Xポイントビス 8本/片側,仮設定,交渉可,—,16本（小さい）
17,A04-006 / A04-007,荷重ケース・安全率,LC1〜LC3、常時4・まれ2・故障後1,仮設定,交渉可,—,部品の大きさ（ガイド・ねじ・リンク）を決める
18,A04-002,平均速度,1.20〜2.0 cm/s（片道36〜60秒）,仮設定,交渉可（下限はS3 eの60秒）,—,モーターの大きさ
19,A04-005,端点の検出,二重,仮設定,交渉可,—,スイッチ・配線が倍
20,A04-008,動く部分の質量,7.4kg以下,計算,計算（入力：A01-001・A04-004）,—,今のリンクは約23.6kgで未整合（引き継ぎ最優先）
