No,区分,品目,品番,数量,税込単価（円）,小計（円）,状態,出典,備考
1,購入品,リニアガイド,THK HSR20C1SS＋レール580,2,32516,65032,推定,"モノタロウ HSR20C1SS+400L ¥26,180・+1000L ¥47,300",580はレール長460〜760から選ぶ品（A06-007）。400と1000の間を直線で推定
2,購入品,ステッピングモーター,オリエンタルモーター PKP268D42A2-R3EL,2,13277,26554,確認,オリエンタルモーターWEBショップ,
3,購入品,ドライバ,CVD242BR-K,2,14399,28798,確認,オリエンタルモーターWEBショップ,
4,購入品,ドライバ用接続ケーブルセット,LCS02CVK2（モーター・入出力・電源）,2,2057,4114,確認,"オリエンタルモーター（WEBショップ価格 税別1,870）",エンコーダ用ケーブルは別（未調査）
5,購入品,サポートユニット（固定側）,BK10相当（SUNGIL BK10 P0-C7）,2,6158,12316,推定,モノタロウ,A06-008はGMT GBK10。GBK10の価格は未確認のため同形のBK10で代用
6,購入品,台形ねじ軸 Tr14×3,東洋シャフト,2,,,未調査,,"モノタロウの台形ねじ軸は¥1,868〜（Tr14・必要長さの価格は未確認）"
7,購入品,台形ねじナット Tr14,東洋シャフト,2,,,未調査,,"モノタロウのTr14フランジナットは¥2,858〜（品番未確認）"
8,加工費,台形ねじの軸端加工,メカ助へ依頼（D06-013）,2,,,未調査,,見積りが要る
9,購入品,カップリング φ8−φ8,,2,,,未調査,,
10,購入品,エンコーダ用ケーブル,,2,,,未調査,,
11,購入品,DC24V電源・マイコン・リミットスイッチ4・傾きスイッチ・配線,,1,,,未調査,,A06-009・A04-005
12,購入品,梁ねじ Xポイントビス,若井産業 DXP6080/6100,16,,,未調査,,A06-006
13,購入品,Oの球面滑り軸受・無給油ブッシュ・ピンφ12,,1,,,未調査,,A06-003。品番未決
14,加工品,架台（鋼板 厚8、約118×15.5）,業者加工,2,,,未調査,,A06-005。材料の切板だけなら安い（数千円）が、穴・タップの数による
15,加工品,平鋼リンク（長100・短50）と継手（コの字の受け・受け金具・Bブラケット・C′保持具・ナット受け・モーター取付板・スペーサー）,業者加工,1,,,未調査,,A06-003・A06-008。コの字は曲げまたは溶接が要る。見積りが要る
16,加工品,CSPの保持具（底面の支持板・爪）,,1,,,未調査,,A03-001
17,未決,落下止め（D04-003）,,1,,,未調査,,方式未決（引き継ぎ6）

,,価格を確認・推定した品だけの合計,,,,136814,,,未調査の品は含まない
,,依頼主の目安,,,,150000,,,
